2026/07/05 18:46:27.232, 210 MHz, 0 %, 23.65 W, 1 MiB
2026/07/05 18:46:28.236, 210 MHz, 0 %, 23.56 W, 1 MiB
2026/07/05 18:46:29.237, 210 MHz, 0 %, 23.50 W, 1 MiB
2026/07/05 18:46:30.237, 210 MHz, 0 %, 23.56 W, 1 MiB
2026/07/05 18:46:31.237, 210 MHz, 0 %, 23.42 W, 2 MiB
2026/07/05 18:46:32.243, 675 MHz, 0 %, 30.92 W, 4 MiB
2026/07/05 18:46:33.243, 675 MHz, 0 %, 36.86 W, 4 MiB
2026/07/05 18:46:34.244, 210 MHz, 0 %, 25.95 W, 4 MiB
2026/07/05 18:46:35.244, 210 MHz, 0 %, 24.17 W, 4 MiB
2026/07/05 18:46:36.244, 210 MHz, 0 %, 23.57 W, 4 MiB
2026/07/05 18:46:37.245, 210 MHz, 0 %, 23.65 W, 4 MiB
2026/07/05 18:46:38.245, 210 MHz, 0 %, 23.56 W, 4 MiB
2026/07/05 18:46:39.246, 210 MHz, 0 %, 23.58 W, 4 MiB
2026/07/05 18:46:40.246, 210 MHz, 0 %, 23.66 W, 4 MiB
2026/07/05 18:46:41.247, 210 MHz, 0 %, 23.47 W, 4 MiB
2026/07/05 18:46:42.247, 210 MHz, 0 %, 23.43 W, 4 MiB
2026/07/05 18:46:43.247, 210 MHz, 0 %, 23.56 W, 4 MiB
2026/07/05 18:46:44.248, 210 MHz, 0 %, 23.45 W, 4 MiB
2026/07/05 18:46:45.248, 210 MHz, 0 %, 23.44 W, 4 MiB
2026/07/05 18:46:46.249, 210 MHz, 0 %, 23.57 W, 4 MiB
2026/07/05 18:46:47.249, 210 MHz, 0 %, 23.49 W, 4 MiB
2026/07/05 18:46:48.249, 210 MHz, 0 %, 23.52 W, 4 MiB
2026/07/05 18:46:49.250, 210 MHz, 0 %, 23.52 W, 4 MiB
2026/07/05 18:46:50.250, 210 MHz, 0 %, 23.72 W, 4 MiB
2026/07/05 18:46:51.251, 210 MHz, 0 %, 23.82 W, 4 MiB
2026/07/05 18:46:52.251, 210 MHz, 0 %, 23.48 W, 4 MiB
2026/07/05 18:46:53.251, 210 MHz, 0 %, 23.45 W, 4 MiB
2026/07/05 18:46:54.252, 210 MHz, 0 %, 23.49 W, 4 MiB
2026/07/05 18:46:55.252, 210 MHz, 0 %, 23.36 W, 4 MiB
2026/07/05 18:46:56.253, 210 MHz, 0 %, 23.40 W, 4 MiB
2026/07/05 18:46:57.253, 210 MHz, 0 %, 23.50 W, 4 MiB
2026/07/05 18:46:58.254, 210 MHz, 0 %, 23.40 W, 4 MiB
2026/07/05 18:46:59.254, 210 MHz, 0 %, 23.39 W, 4 MiB
2026/07/05 18:47:00.254, 210 MHz, 0 %, 23.40 W, 4 MiB
2026/07/05 18:47:01.255, 210 MHz, 0 %, 23.43 W, 4 MiB
2026/07/05 18:47:02.255, 1065 MHz, 0 %, 24.03 W, 19 MiB
2026/07/05 18:47:03.274, 1695 MHz, 0 %, 113.09 W, 328 MiB
2026/07/05 18:47:04.275, 1695 MHz, 0 %, 113.09 W, 328 MiB
2026/07/05 18:47:05.275, 1695 MHz, 0 %, 112.80 W, 328 MiB
2026/07/05 18:47:06.276, 1695 MHz, 0 %, 113.54 W, 626 MiB
2026/07/05 18:47:07.276, 1695 MHz, 0 %, 114.14 W, 3432 MiB
2026/07/05 18:47:08.277, 1695 MHz, 0 %, 114.19 W, 3432 MiB
2026/07/05 18:47:09.277, 1695 MHz, 0 %, 114.50 W, 3432 MiB
2026/07/05 18:47:10.278, 1695 MHz, 0 %, 114.76 W, 3432 MiB
2026/07/05 18:47:11.278, 1695 MHz, 0 %, 115.01 W, 3432 MiB
2026/07/05 18:47:12.278, 1695 MHz, 0 %, 115.71 W, 3432 MiB
2026/07/05 18:47:13.279, 1695 MHz, 3 %, 116.04 W, 3432 MiB
2026/07/05 18:47:14.279, 1695 MHz, 0 %, 116.16 W, 3432 MiB
2026/07/05 18:47:15.280, 1695 MHz, 0 %, 116.14 W, 3432 MiB
2026/07/05 18:47:16.280, 1695 MHz, 6 %, 116.44 W, 3432 MiB
2026/07/05 18:47:17.280, 1695 MHz, 6 %, 116.66 W, 3432 MiB
2026/07/05 18:47:18.281, 1695 MHz, 0 %, 116.70 W, 3432 MiB
2026/07/05 18:47:19.281, 1695 MHz, 0 %, 116.64 W, 3432 MiB
2026/07/05 18:47:20.282, 1695 MHz, 0 %, 116.77 W, 3432 MiB
2026/07/05 18:47:21.282, 1695 MHz, 0 %, 117.61 W, 10034 MiB
2026/07/05 18:47:22.283, 1695 MHz, 1 %, 117.23 W, 10096 MiB
2026/07/05 18:47:23.283, 1695 MHz, 0 %, 117.54 W, 10096 MiB
2026/07/05 18:47:24.284, 1695 MHz, 1 %, 117.70 W, 10096 MiB
2026/07/05 18:47:25.284, 1725 MHz, 26 %, 165.06 W, 10312 MiB
2026/07/05 18:47:26.284, 1725 MHz, 27 %, 176.37 W, 10356 MiB
2026/07/05 18:47:27.285, 1695 MHz, 25 %, 167.46 W, 10374 MiB
2026/07/05 18:47:28.285, 1695 MHz, 15 %, 156.16 W, 10416 MiB
2026/07/05 18:47:29.285, 1695 MHz, 10 %, 150.33 W, 10418 MiB
2026/07/05 18:47:30.286, 1695 MHz, 16 %, 146.89 W, 10478 MiB
2026/07/05 18:47:31.286, 1695 MHz, 20 %, 143.20 W, 10522 MiB
2026/07/05 18:47:32.286, 1695 MHz, 12 %, 138.27 W, 10572 MiB
2026/07/05 18:47:33.287, 1695 MHz, 6 %, 132.08 W, 10616 MiB
2026/07/05 18:47:34.287, 1695 MHz, 10 %, 128.45 W, 10766 MiB
2026/07/05 18:47:35.287, 1695 MHz, 0 %, 125.41 W, 11550 MiB
2026/07/05 18:47:36.288, 1695 MHz, 0 %, 120.26 W, 11550 MiB
2026/07/05 18:47:37.288, 1695 MHz, 32 %, 124.72 W, 11596 MiB
2026/07/05 18:47:38.289, 1695 MHz, 0 %, 124.40 W, 11596 MiB
2026/07/05 18:47:39.289, 1695 MHz, 0 %, 120.12 W, 11596 MiB
2026/07/05 18:47:40.289, 1695 MHz, 0 %, 120.14 W, 11596 MiB
2026/07/05 18:47:41.290, 1695 MHz, 0 %, 121.35 W, 11596 MiB
2026/07/05 18:47:42.290, 1695 MHz, 0 %, 121.34 W, 11596 MiB
2026/07/05 18:47:43.291, 1695 MHz, 0 %, 120.25 W, 11596 MiB
2026/07/05 18:47:44.291, 1695 MHz, 0 %, 120.31 W, 11596 MiB
2026/07/05 18:47:45.291, 1695 MHz, 0 %, 120.42 W, 11596 MiB
2026/07/05 18:47:46.292, 1695 MHz, 0 %, 120.49 W, 11596 MiB
2026/07/05 18:47:47.292, 1695 MHz, 0 %, 120.63 W, 11596 MiB
2026/07/05 18:47:48.293, 1695 MHz, 0 %, 120.84 W, 11596 MiB
2026/07/05 18:47:49.293, 1695 MHz, 0 %, 121.03 W, 11596 MiB
2026/07/05 18:47:50.294, 1695 MHz, 0 %, 121.18 W, 11596 MiB
2026/07/05 18:47:51.294, 1695 MHz, 0 %, 121.18 W, 11596 MiB
2026/07/05 18:47:52.294, 1695 MHz, 0 %, 121.23 W, 11596 MiB
2026/07/05 18:47:53.295, 1695 MHz, 0 %, 121.23 W, 11596 MiB
2026/07/05 18:47:54.295, 1695 MHz, 0 %, 121.19 W, 11596 MiB
2026/07/05 18:47:55.296, 1695 MHz, 0 %, 121.23 W, 11596 MiB
2026/07/05 18:47:56.296, 1695 MHz, 0 %, 121.36 W, 11596 MiB
2026/07/05 18:47:57.296, 1695 MHz, 0 %, 121.47 W, 11596 MiB
2026/07/05 18:47:58.297, 300 MHz, 0 %, 107.48 W, 11596 MiB
2026/07/05 18:47:59.297, 210 MHz, 0 %, 60.22 W, 11596 MiB
2026/07/05 18:48:00.297, 210 MHz, 0 %, 25.40 W, 11596 MiB
2026/07/05 18:48:01.298, 210 MHz, 0 %, 24.16 W, 11596 MiB
2026/07/05 18:48:02.298, 210 MHz, 0 %, 24.33 W, 11596 MiB
2026/07/05 18:48:03.298, 210 MHz, 0 %, 24.15 W, 11596 MiB
2026/07/05 18:48:04.298, 210 MHz, 0 %, 23.94 W, 11596 MiB
2026/07/05 18:48:05.299, 210 MHz, 0 %, 23.90 W, 11596 MiB
2026/07/05 18:48:06.299, 210 MHz, 0 %, 24.04 W, 11596 MiB
2026/07/05 18:48:07.300, 210 MHz, 0 %, 23.91 W, 11596 MiB
2026/07/05 18:48:08.300, 210 MHz, 0 %, 24.79 W, 11654 MiB
2026/07/05 18:48:09.300, 1965 MHz, 0 %, 97.12 W, 11654 MiB
2026/07/05 18:48:10.301, 1965 MHz, 0 %, 159.20 W, 11654 MiB
2026/07/05 18:48:11.301, 1905 MHz, 99 %, 209.75 W, 12092 MiB
2026/07/05 18:48:12.301, 1845 MHz, 100 %, 348.08 W, 12094 MiB
2026/07/05 18:48:13.302, 1845 MHz, 97 %, 348.40 W, 12094 MiB
2026/07/05 18:48:14.302, 1845 MHz, 100 %, 348.63 W, 12094 MiB
2026/07/05 18:48:15.302, 1860 MHz, 100 %, 349.16 W, 12094 MiB
2026/07/05 18:48:16.303, 1845 MHz, 96 %, 348.24 W, 12094 MiB
2026/07/05 18:48:17.303, 1845 MHz, 100 %, 349.00 W, 12094 MiB
2026/07/05 18:48:18.303, 1860 MHz, 97 %, 347.11 W, 12094 MiB
2026/07/05 18:48:19.304, 1830 MHz, 100 %, 348.69 W, 12094 MiB
2026/07/05 18:48:20.304, 1830 MHz, 100 %, 348.82 W, 12094 MiB
2026/07/05 18:48:21.304, 1875 MHz, 96 %, 347.93 W, 12094 MiB
2026/07/05 18:48:22.305, 1845 MHz, 77 %, 334.18 W, 12124 MiB
2026/07/05 18:48:23.305, 1800 MHz, 100 %, 347.33 W, 12124 MiB
2026/07/05 18:48:24.306, 1800 MHz, 100 %, 348.34 W, 12124 MiB
2026/07/05 18:48:25.306, 1785 MHz, 100 %, 348.31 W, 12124 MiB
2026/07/05 18:48:26.306, 1800 MHz, 100 %, 348.74 W, 12124 MiB
2026/07/05 18:48:27.307, 1770 MHz, 100 %, 346.35 W, 12124 MiB
2026/07/05 18:48:28.307, 1785 MHz, 100 %, 335.46 W, 12124 MiB
2026/07/05 18:48:29.307, 1770 MHz, 100 %, 333.99 W, 12124 MiB
2026/07/05 18:48:30.308, 1770 MHz, 100 %, 326.67 W, 12124 MiB
2026/07/05 18:48:31.308, 1800 MHz, 100 %, 334.75 W, 12124 MiB
2026/07/05 18:48:32.308, 1770 MHz, 100 %, 334.27 W, 12124 MiB
2026/07/05 18:48:33.309, 1785 MHz, 100 %, 331.45 W, 12124 MiB
2026/07/05 18:48:34.309, 1845 MHz, 100 %, 332.46 W, 12124 MiB
2026/07/05 18:48:35.309, 1860 MHz, 100 %, 329.62 W, 12124 MiB
2026/07/05 18:48:36.310, 1845 MHz, 100 %, 322.87 W, 12124 MiB
2026/07/05 18:48:37.310, 1905 MHz, 41 %, 305.38 W, 12124 MiB
2026/07/05 18:48:38.310, 1920 MHz, 0 %, 189.72 W, 12124 MiB
2026/07/05 18:48:39.311, 1695 MHz, 0 %, 163.01 W, 12124 MiB
2026/07/05 18:48:40.311, 1695 MHz, 0 %, 149.07 W, 12124 MiB
2026/07/05 18:48:41.311, 1695 MHz, 0 %, 135.18 W, 12124 MiB
2026/07/05 18:48:42.312, 1695 MHz, 0 %, 134.10 W, 12124 MiB
2026/07/05 18:48:43.312, 1695 MHz, 0 %, 133.26 W, 12124 MiB
2026/07/05 18:48:44.312, 1695 MHz, 0 %, 132.79 W, 12124 MiB
2026/07/05 18:48:45.313, 1695 MHz, 0 %, 132.43 W, 12124 MiB
2026/07/05 18:48:46.313, 1695 MHz, 0 %, 132.06 W, 12124 MiB
2026/07/05 18:48:47.313, 1695 MHz, 0 %, 131.73 W, 12124 MiB
2026/07/05 18:48:48.314, 1695 MHz, 0 %, 131.51 W, 12124 MiB
2026/07/05 18:48:49.314, 1695 MHz, 0 %, 131.32 W, 12124 MiB
2026/07/05 18:48:50.315, 1695 MHz, 0 %, 131.06 W, 12124 MiB
2026/07/05 18:48:51.315, 1695 MHz, 0 %, 130.84 W, 12124 MiB
2026/07/05 18:48:52.315, 1695 MHz, 0 %, 130.58 W, 12124 MiB
2026/07/05 18:48:53.316, 1695 MHz, 0 %, 130.31 W, 12124 MiB
2026/07/05 18:48:54.316, 345 MHz, 0 %, 130.15 W, 12124 MiB
2026/07/05 18:48:55.316, 210 MHz, 0 %, 81.95 W, 12124 MiB
2026/07/05 18:48:56.317, 210 MHz, 0 %, 29.97 W, 12124 MiB
2026/07/05 18:48:57.317, 210 MHz, 0 %, 26.21 W, 12124 MiB
2026/07/05 18:48:58.317, 210 MHz, 0 %, 25.91 W, 12124 MiB
2026/07/05 18:48:59.317, 210 MHz, 0 %, 25.41 W, 12124 MiB
2026/07/05 18:49:00.318, 210 MHz, 0 %, 25.04 W, 12124 MiB
2026/07/05 18:49:01.318, 210 MHz, 0 %, 24.87 W, 12124 MiB
2026/07/05 18:49:02.318, 210 MHz, 0 %, 25.29 W, 12124 MiB
2026/07/05 18:49:03.319, 210 MHz, 0 %, 25.27 W, 12124 MiB
2026/07/05 18:49:04.319, 210 MHz, 0 %, 24.83 W, 12124 MiB
2026/07/05 18:49:05.320, 210 MHz, 0 %, 24.54 W, 12124 MiB
2026/07/05 18:49:06.320, 210 MHz, 0 %, 24.48 W, 12124 MiB
2026/07/05 18:49:07.320, 1950 MHz, 0 %, 128.71 W, 12124 MiB
2026/07/05 18:49:08.321, 1905 MHz, 85 %, 189.29 W, 12124 MiB
2026/07/05 18:49:09.321, 1905 MHz, 43 %, 289.31 W, 12124 MiB
2026/07/05 18:49:10.321, 1860 MHz, 100 %, 321.63 W, 12124 MiB
2026/07/05 18:49:11.322, 1905 MHz, 12 %, 249.63 W, 12124 MiB
2026/07/05 18:49:12.322, 1920 MHz, 10 %, 251.63 W, 12126 MiB
2026/07/05 18:49:13.322, 1905 MHz, 15 %, 238.60 W, 12126 MiB
2026/07/05 18:49:14.323, 1905 MHz, 15 %, 261.48 W, 12126 MiB
2026/07/05 18:49:15.323, 1905 MHz, 60 %, 230.57 W, 12126 MiB
2026/07/05 18:49:16.324, 1800 MHz, 86 %, 268.18 W, 12126 MiB
2026/07/05 18:49:17.324, 1875 MHz, 70 %, 274.02 W, 12126 MiB
2026/07/05 18:49:18.324, 1905 MHz, 33 %, 269.09 W, 12126 MiB
2026/07/05 18:49:19.325, 1905 MHz, 24 %, 231.06 W, 12126 MiB
2026/07/05 18:49:20.325, 1920 MHz, 15 %, 238.47 W, 12126 MiB
2026/07/05 18:49:21.325, 1905 MHz, 35 %, 236.52 W, 12126 MiB
2026/07/05 18:49:22.326, 1860 MHz, 96 %, 305.80 W, 12126 MiB
2026/07/05 18:49:23.326, 1905 MHz, 63 %, 297.49 W, 12126 MiB
2026/07/05 18:49:24.326, 1830 MHz, 100 %, 287.44 W, 12126 MiB
2026/07/05 18:49:25.327, 1905 MHz, 44 %, 258.38 W, 12126 MiB
2026/07/05 18:49:26.327, 1905 MHz, 36 %, 248.17 W, 12126 MiB
2026/07/05 18:49:27.327, 1860 MHz, 91 %, 305.59 W, 12126 MiB
2026/07/05 18:49:28.328, 1860 MHz, 92 %, 295.41 W, 12126 MiB
2026/07/05 18:49:29.328, 1890 MHz, 53 %, 332.96 W, 12126 MiB
2026/07/05 18:49:30.328, 1845 MHz, 73 %, 257.28 W, 12126 MiB
2026/07/05 18:49:31.329, 1905 MHz, 13 %, 266.70 W, 12126 MiB
2026/07/05 18:49:32.329, 1905 MHz, 14 %, 230.97 W, 12126 MiB
2026/07/05 18:49:33.329, 1890 MHz, 18 %, 253.63 W, 12126 MiB
2026/07/05 18:49:34.330, 1770 MHz, 100 %, 301.08 W, 12126 MiB
2026/07/05 18:49:35.330, 1905 MHz, 10 %, 277.38 W, 12126 MiB
2026/07/05 18:49:36.330, 1830 MHz, 100 %, 264.20 W, 12126 MiB
2026/07/05 18:49:37.331, 1710 MHz, 100 %, 328.66 W, 12126 MiB
2026/07/05 18:49:38.331, 1740 MHz, 100 %, 284.70 W, 12126 MiB
2026/07/05 18:49:39.331, 930 MHz, 73 %, 272.32 W, 12126 MiB
2026/07/05 18:49:40.332, 1890 MHz, 44 %, 259.28 W, 12126 MiB
2026/07/05 18:49:41.332, 1695 MHz, 100 %, 326.92 W, 12126 MiB
2026/07/05 18:49:42.332, 1665 MHz, 100 %, 316.57 W, 12126 MiB
2026/07/05 18:49:43.333, 1680 MHz, 100 %, 308.10 W, 12126 MiB
2026/07/05 18:49:44.333, 1680 MHz, 100 %, 306.54 W, 12126 MiB
2026/07/05 18:49:45.333, 1680 MHz, 100 %, 310.61 W, 12126 MiB
2026/07/05 18:49:46.334, 1710 MHz, 100 %, 313.19 W, 12126 MiB
2026/07/05 18:49:47.334, 1695 MHz, 100 %, 312.58 W, 12126 MiB
2026/07/05 18:49:48.334, 1740 MHz, 100 %, 312.62 W, 12126 MiB
2026/07/05 18:49:49.335, 1785 MHz, 100 %, 319.53 W, 12126 MiB
2026/07/05 18:49:50.335, 1815 MHz, 100 %, 317.53 W, 12126 MiB
2026/07/05 18:49:51.335, 1800 MHz, 100 %, 315.92 W, 12126 MiB
2026/07/05 18:49:52.336, 1890 MHz, 0 %, 287.64 W, 12126 MiB
2026/07/05 18:49:53.336, 1905 MHz, 0 %, 197.13 W, 12126 MiB
2026/07/05 18:49:54.336, 1695 MHz, 0 %, 171.52 W, 12126 MiB
2026/07/05 18:49:55.337, 1695 MHz, 2 %, 139.68 W, 1 MiB
2026/07/05 18:49:56.337, 1920 MHz, 0 %, 171.20 W, 1 MiB
2026/07/05 18:49:57.338, 1920 MHz, 0 %, 176.18 W, 1 MiB
2026/07/05 18:49:58.338, 390 MHz, 0 %, 162.88 W, 1 MiB
2026/07/05 18:49:59.338, 225 MHz, 0 %, 98.62 W, 1 MiB
2026/07/05 18:50:00.339, 210 MHz, 0 %, 33.87 W, 1 MiB
2026/07/05 18:50:01.339, 210 MHz, 0 %, 30.73 W, 1 MiB
2026/07/05 18:50:02.339, 210 MHz, 0 %, 29.14 W, 1 MiB
2026/07/05 18:50:03.340, 210 MHz, 0 %, 28.48 W, 1 MiB
2026/07/05 18:50:04.340, 210 MHz, 0 %, 27.96 W, 1 MiB
2026/07/05 18:50:05.340, 210 MHz, 0 %, 27.42 W, 1 MiB
2026/07/05 18:50:06.341, 210 MHz, 0 %, 26.99 W, 1 MiB
2026/07/05 18:50:07.341, 210 MHz, 0 %, 26.77 W, 1 MiB
2026/07/05 18:50:08.342, 210 MHz, 0 %, 26.18 W, 1 MiB
2026/07/05 18:50:09.342, 210 MHz, 0 %, 25.66 W, 1 MiB
2026/07/05 18:50:10.342, 210 MHz, 0 %, 25.42 W, 1 MiB
2026/07/05 18:50:11.343, 210 MHz, 0 %, 25.42 W, 1 MiB
2026/07/05 18:50:12.343, 210 MHz, 0 %, 25.15 W, 1 MiB
2026/07/05 18:50:13.344, 210 MHz, 0 %, 25.07 W, 1 MiB
2026/07/05 18:50:14.344, 210 MHz, 0 %, 25.13 W, 1 MiB
2026/07/05 18:50:15.344, 210 MHz, 0 %, 24.83 W, 1 MiB
2026/07/05 18:50:16.345, 210 MHz, 0 %, 24.77 W, 1 MiB
2026/07/05 18:50:17.345, 210 MHz, 0 %, 25.25 W, 1 MiB
2026/07/05 18:50:18.346, 210 MHz, 0 %, 25.21 W, 1 MiB
2026/07/05 18:50:19.346, 210 MHz, 0 %, 24.84 W, 1 MiB
2026/07/05 18:50:20.346, 210 MHz, 0 %, 24.59 W, 1 MiB
2026/07/05 18:50:21.347, 210 MHz, 0 %, 24.50 W, 1 MiB
2026/07/05 18:50:22.347, 210 MHz, 0 %, 24.64 W, 1 MiB
2026/07/05 18:50:23.347, 210 MHz, 0 %, 24.47 W, 1 MiB
2026/07/05 18:50:24.348, 210 MHz, 0 %, 24.46 W, 1 MiB
2026/07/05 18:50:25.348, 210 MHz, 0 %, 24.61 W, 1 MiB
2026/07/05 18:50:26.349, 210 MHz, 0 %, 24.41 W, 1 MiB
2026/07/05 18:50:27.349, 210 MHz, 0 %, 24.58 W, 1 MiB
2026/07/05 18:50:28.349, 1695 MHz, 0 %, 30.80 W, 20 MiB
2026/07/05 18:50:29.350, 1695 MHz, 0 %, 118.09 W, 328 MiB
2026/07/05 18:50:30.351, 1695 MHz, 0 %, 123.56 W, 328 MiB
2026/07/05 18:50:31.351, 1695 MHz, 12 %, 123.93 W, 952 MiB
2026/07/05 18:50:32.352, 1695 MHz, 9 %, 125.20 W, 2186 MiB
2026/07/05 18:50:33.352, 1695 MHz, 9 %, 125.22 W, 3562 MiB
2026/07/05 18:50:34.353, 1695 MHz, 3 %, 124.91 W, 6002 MiB
2026/07/05 18:50:35.353, 1695 MHz, 0 %, 123.77 W, 6002 MiB
2026/07/05 18:50:36.353, 1770 MHz, 41 %, 151.12 W, 6514 MiB
2026/07/05 18:50:37.354, 1770 MHz, 32 %, 173.73 W, 6602 MiB
2026/07/05 18:50:38.354, 1695 MHz, 8 %, 158.15 W, 6712 MiB
2026/07/05 18:50:39.355, 1695 MHz, 0 %, 132.78 W, 6750 MiB
2026/07/05 18:50:40.355, 1695 MHz, 0 %, 125.51 W, 6750 MiB
2026/07/05 18:50:41.355, 1695 MHz, 0 %, 136.38 W, 7186 MiB
2026/07/05 18:50:42.356, 1695 MHz, 0 %, 131.99 W, 7186 MiB
2026/07/05 18:50:43.356, 1695 MHz, 0 %, 124.27 W, 7186 MiB
2026/07/05 18:50:44.356, 1695 MHz, 0 %, 124.15 W, 7186 MiB
2026/07/05 18:50:45.357, 1695 MHz, 0 %, 124.06 W, 7186 MiB
2026/07/05 18:50:46.357, 1695 MHz, 0 %, 124.16 W, 7186 MiB
2026/07/05 18:50:47.357, 1695 MHz, 0 %, 124.23 W, 7186 MiB
2026/07/05 18:50:48.358, 1695 MHz, 0 %, 124.28 W, 7186 MiB
2026/07/05 18:50:49.358, 1695 MHz, 0 %, 124.26 W, 7186 MiB
2026/07/05 18:50:50.358, 1695 MHz, 0 %, 124.35 W, 7186 MiB
2026/07/05 18:50:51.359, 1695 MHz, 0 %, 124.48 W, 7186 MiB
2026/07/05 18:50:52.359, 1695 MHz, 0 %, 124.42 W, 7186 MiB
2026/07/05 18:50:53.360, 1695 MHz, 0 %, 124.43 W, 7186 MiB
2026/07/05 18:50:54.360, 1695 MHz, 0 %, 124.45 W, 7186 MiB
2026/07/05 18:50:55.360, 1695 MHz, 0 %, 124.53 W, 7186 MiB
2026/07/05 18:50:56.361, 1695 MHz, 0 %, 124.58 W, 7186 MiB
2026/07/05 18:50:57.361, 1695 MHz, 0 %, 124.72 W, 7186 MiB
2026/07/05 18:50:58.362, 1695 MHz, 0 %, 124.79 W, 7186 MiB
2026/07/05 18:50:59.362, 255 MHz, 0 %, 94.39 W, 7186 MiB
2026/07/05 18:51:00.362, 210 MHz, 0 %, 45.26 W, 7186 MiB
2026/07/05 18:51:01.363, 210 MHz, 0 %, 25.69 W, 7186 MiB
2026/07/05 18:51:02.363, 210 MHz, 0 %, 24.95 W, 7186 MiB
2026/07/05 18:51:03.363, 210 MHz, 0 %, 24.70 W, 7186 MiB
2026/07/05 18:51:04.364, 210 MHz, 0 %, 24.33 W, 7186 MiB
2026/07/05 18:51:05.364, 210 MHz, 0 %, 24.34 W, 7186 MiB
2026/07/05 18:51:06.364, 210 MHz, 0 %, 24.46 W, 7186 MiB
2026/07/05 18:51:07.365, 210 MHz, 0 %, 24.25 W, 7186 MiB
2026/07/05 18:51:08.365, 210 MHz, 0 %, 24.24 W, 7186 MiB
2026/07/05 18:51:09.365, 210 MHz, 0 %, 24.39 W, 7186 MiB
2026/07/05 18:51:10.366, 210 MHz, 0 %, 24.21 W, 7186 MiB
2026/07/05 18:51:11.366, 210 MHz, 0 %, 24.19 W, 7186 MiB
2026/07/05 18:51:12.366, 210 MHz, 0 %, 24.35 W, 7186 MiB
2026/07/05 18:51:13.367, 210 MHz, 0 %, 24.17 W, 7186 MiB
2026/07/05 18:51:14.367, 210 MHz, 0 %, 24.13 W, 7186 MiB
2026/07/05 18:51:15.367, 210 MHz, 0 %, 24.29 W, 7186 MiB
2026/07/05 18:51:16.368, 210 MHz, 0 %, 24.13 W, 7186 MiB
2026/07/05 18:51:17.368, 210 MHz, 0 %, 24.12 W, 7186 MiB
2026/07/05 18:51:18.368, 210 MHz, 0 %, 24.28 W, 7186 MiB
2026/07/05 18:51:19.369, 210 MHz, 0 %, 24.10 W, 7186 MiB
2026/07/05 18:51:20.369, 210 MHz, 0 %, 24.10 W, 7186 MiB
2026/07/05 18:51:21.369, 210 MHz, 0 %, 24.24 W, 7186 MiB
2026/07/05 18:51:22.370, 210 MHz, 0 %, 24.04 W, 7186 MiB
2026/07/05 18:51:23.370, 210 MHz, 0 %, 24.03 W, 7186 MiB
2026/07/05 18:51:24.371, 210 MHz, 0 %, 24.22 W, 7186 MiB
2026/07/05 18:51:25.371, 210 MHz, 0 %, 24.34 W, 7186 MiB
2026/07/05 18:51:26.371, 210 MHz, 0 %, 24.30 W, 7186 MiB
2026/07/05 18:51:27.372, 210 MHz, 0 %, 23.97 W, 7186 MiB
2026/07/05 18:51:28.372, 210 MHz, 0 %, 23.95 W, 7186 MiB
2026/07/05 18:51:29.372, 210 MHz, 0 %, 24.11 W, 7186 MiB
2026/07/05 18:51:30.373, 210 MHz, 0 %, 23.97 W, 7186 MiB
2026/07/05 18:51:31.373, 210 MHz, 0 %, 23.97 W, 7186 MiB
2026/07/05 18:51:32.373, 210 MHz, 0 %, 24.27 W, 7186 MiB
2026/07/05 18:51:33.374, 210 MHz, 0 %, 24.44 W, 7186 MiB
2026/07/05 18:51:34.374, 210 MHz, 0 %, 24.27 W, 7186 MiB
2026/07/05 18:51:35.374, 210 MHz, 0 %, 23.97 W, 7186 MiB
2026/07/05 18:51:36.375, 210 MHz, 0 %, 23.98 W, 7186 MiB
2026/07/05 18:51:37.375, 210 MHz, 0 %, 24.10 W, 7186 MiB
2026/07/05 18:51:38.375, 210 MHz, 0 %, 23.97 W, 7186 MiB
2026/07/05 18:51:39.376, 210 MHz, 0 %, 23.97 W, 7186 MiB
2026/07/05 18:51:40.376, 210 MHz, 0 %, 24.07 W, 7186 MiB
2026/07/05 18:51:41.376, 210 MHz, 0 %, 23.90 W, 7186 MiB
2026/07/05 18:51:42.377, 210 MHz, 0 %, 23.90 W, 7186 MiB
2026/07/05 18:51:43.377, 210 MHz, 0 %, 24.02 W, 7186 MiB
2026/07/05 18:51:44.378, 210 MHz, 0 %, 23.88 W, 7186 MiB
2026/07/05 18:51:45.378, 210 MHz, 0 %, 23.91 W, 7186 MiB
2026/07/05 18:51:46.378, 210 MHz, 0 %, 24.06 W, 7186 MiB
2026/07/05 18:51:47.379, 210 MHz, 0 %, 23.90 W, 7186 MiB
2026/07/05 18:51:48.379, 210 MHz, 0 %, 23.86 W, 7186 MiB
2026/07/05 18:51:49.379, 210 MHz, 0 %, 23.99 W, 7186 MiB
2026/07/05 18:51:50.380, 210 MHz, 0 %, 23.87 W, 7186 MiB
2026/07/05 18:51:51.380, 210 MHz, 0 %, 23.85 W, 7186 MiB
2026/07/05 18:51:52.380, 210 MHz, 0 %, 23.95 W, 7186 MiB
2026/07/05 18:51:53.381, 210 MHz, 0 %, 23.80 W, 7186 MiB
2026/07/05 18:51:54.381, 210 MHz, 0 %, 23.80 W, 7186 MiB
2026/07/05 18:51:55.381, 210 MHz, 0 %, 23.89 W, 7186 MiB
2026/07/05 18:51:56.382, 210 MHz, 0 %, 23.74 W, 7186 MiB
2026/07/05 18:51:57.382, 210 MHz, 0 %, 23.76 W, 7186 MiB
2026/07/05 18:51:58.382, 210 MHz, 0 %, 23.94 W, 7186 MiB
2026/07/05 18:51:59.383, 210 MHz, 0 %, 23.83 W, 7186 MiB
2026/07/05 18:52:00.383, 210 MHz, 0 %, 23.82 W, 7186 MiB
2026/07/05 18:52:01.383, 210 MHz, 0 %, 23.97 W, 7186 MiB
2026/07/05 18:52:02.384, 210 MHz, 0 %, 23.81 W, 7186 MiB
2026/07/05 18:52:03.384, 210 MHz, 0 %, 23.76 W, 7186 MiB
2026/07/05 18:52:04.384, 210 MHz, 0 %, 23.78 W, 7186 MiB
2026/07/05 18:52:05.385, 210 MHz, 0 %, 23.78 W, 7186 MiB
2026/07/05 18:52:06.385, 210 MHz, 0 %, 23.91 W, 7186 MiB
2026/07/05 18:52:07.385, 210 MHz, 0 %, 23.76 W, 7186 MiB
2026/07/05 18:52:08.386, 210 MHz, 0 %, 23.76 W, 7186 MiB
2026/07/05 18:52:09.386, 210 MHz, 0 %, 23.94 W, 7186 MiB
2026/07/05 18:52:10.387, 210 MHz, 0 %, 23.79 W, 7186 MiB
2026/07/05 18:52:11.387, 210 MHz, 0 %, 23.74 W, 7186 MiB
2026/07/05 18:52:12.387, 210 MHz, 0 %, 23.88 W, 7186 MiB
2026/07/05 18:52:13.388, 210 MHz, 0 %, 23.76 W, 7186 MiB
2026/07/05 18:52:14.388, 210 MHz, 0 %, 23.79 W, 7186 MiB
2026/07/05 18:52:15.388, 210 MHz, 0 %, 23.92 W, 7186 MiB
2026/07/05 18:52:16.389, 210 MHz, 0 %, 23.77 W, 7186 MiB
2026/07/05 18:52:17.389, 210 MHz, 0 %, 23.79 W, 7186 MiB
2026/07/05 18:52:18.389, 210 MHz, 0 %, 23.96 W, 7186 MiB
2026/07/05 18:52:19.390, 210 MHz, 0 %, 23.81 W, 7186 MiB
2026/07/05 18:52:20.390, 210 MHz, 0 %, 23.77 W, 7186 MiB
2026/07/05 18:52:21.390, 210 MHz, 0 %, 23.89 W, 7186 MiB
2026/07/05 18:52:22.391, 210 MHz, 0 %, 23.78 W, 7186 MiB
2026/07/05 18:52:23.391, 210 MHz, 0 %, 23.80 W, 7186 MiB
2026/07/05 18:52:24.392, 210 MHz, 0 %, 23.91 W, 7186 MiB
2026/07/05 18:52:25.392, 210 MHz, 0 %, 23.73 W, 7186 MiB
2026/07/05 18:52:26.392, 210 MHz, 0 %, 23.72 W, 7186 MiB
2026/07/05 18:52:27.393, 210 MHz, 0 %, 24.04 W, 7186 MiB
2026/07/05 18:52:28.393, 210 MHz, 0 %, 24.05 W, 7186 MiB
2026/07/05 18:52:29.393, 210 MHz, 0 %, 23.89 W, 7186 MiB
2026/07/05 18:52:30.394, 210 MHz, 0 %, 23.71 W, 7186 MiB
2026/07/05 18:52:31.394, 210 MHz, 0 %, 23.73 W, 7186 MiB
2026/07/05 18:52:32.395, 210 MHz, 0 %, 23.86 W, 7186 MiB
2026/07/05 18:52:33.395, 210 MHz, 0 %, 23.66 W, 7186 MiB
2026/07/05 18:52:34.395, 210 MHz, 0 %, 23.63 W, 7186 MiB
2026/07/05 18:52:35.396, 210 MHz, 0 %, 23.73 W, 7186 MiB
2026/07/05 18:52:36.396, 210 MHz, 0 %, 23.61 W, 7186 MiB
2026/07/05 18:52:37.396, 210 MHz, 0 %, 23.66 W, 7186 MiB
2026/07/05 18:52:38.397, 210 MHz, 0 %, 23.95 W, 7186 MiB
2026/07/05 18:52:39.397, 210 MHz, 0 %, 23.97 W, 7186 MiB
2026/07/05 18:52:40.398, 210 MHz, 0 %, 23.82 W, 7186 MiB
2026/07/05 18:52:41.398, 210 MHz, 0 %, 23.64 W, 7186 MiB
2026/07/05 18:52:42.398, 210 MHz, 0 %, 23.63 W, 7186 MiB
2026/07/05 18:52:43.399, 210 MHz, 0 %, 23.79 W, 7186 MiB
2026/07/05 18:52:44.399, 210 MHz, 0 %, 23.67 W, 7186 MiB
2026/07/05 18:52:45.399, 210 MHz, 0 %, 23.66 W, 7186 MiB
2026/07/05 18:52:46.400, 210 MHz, 0 %, 23.81 W, 7186 MiB
2026/07/05 18:52:47.400, 210 MHz, 0 %, 23.68 W, 7186 MiB
2026/07/05 18:52:48.401, 210 MHz, 0 %, 23.66 W, 7186 MiB
2026/07/05 18:52:49.405, 210 MHz, 0 %, 23.76 W, 7186 MiB
2026/07/05 18:52:50.406, 210 MHz, 0 %, 23.62 W, 7186 MiB
2026/07/05 18:52:51.406, 210 MHz, 0 %, 23.64 W, 7186 MiB
2026/07/05 18:52:52.407, 210 MHz, 0 %, 23.76 W, 7186 MiB
2026/07/05 18:52:53.407, 210 MHz, 0 %, 23.65 W, 7186 MiB
2026/07/05 18:52:54.407, 210 MHz, 0 %, 23.68 W, 7186 MiB
2026/07/05 18:52:55.408, 210 MHz, 0 %, 23.81 W, 7186 MiB
2026/07/05 18:52:56.408, 210 MHz, 0 %, 23.65 W, 7186 MiB
2026/07/05 18:52:57.408, 210 MHz, 0 %, 23.63 W, 7186 MiB
2026/07/05 18:52:58.409, 210 MHz, 0 %, 23.75 W, 7186 MiB
2026/07/05 18:52:59.409, 210 MHz, 0 %, 23.63 W, 7186 MiB
2026/07/05 18:53:00.410, 210 MHz, 0 %, 23.66 W, 7186 MiB
2026/07/05 18:53:01.410, 210 MHz, 0 %, 23.82 W, 7186 MiB
2026/07/05 18:53:02.410, 210 MHz, 0 %, 23.68 W, 7186 MiB
2026/07/05 18:53:03.411, 210 MHz, 0 %, 23.67 W, 7186 MiB
2026/07/05 18:53:04.411, 210 MHz, 0 %, 23.81 W, 7186 MiB
2026/07/05 18:53:05.411, 210 MHz, 0 %, 23.68 W, 7186 MiB
2026/07/05 18:53:06.412, 210 MHz, 0 %, 23.68 W, 7186 MiB
2026/07/05 18:53:07.412, 210 MHz, 0 %, 23.80 W, 7186 MiB
2026/07/05 18:53:08.412, 210 MHz, 0 %, 23.68 W, 7186 MiB
2026/07/05 18:53:09.413, 210 MHz, 0 %, 23.69 W, 7186 MiB
2026/07/05 18:53:10.413, 210 MHz, 0 %, 23.69 W, 7186 MiB
2026/07/05 18:53:11.414, 210 MHz, 0 %, 23.70 W, 7186 MiB
2026/07/05 18:53:12.414, 210 MHz, 0 %, 23.82 W, 7186 MiB
2026/07/05 18:53:13.414, 210 MHz, 0 %, 23.66 W, 7186 MiB
2026/07/05 18:53:14.415, 210 MHz, 0 %, 23.69 W, 7186 MiB
2026/07/05 18:53:15.415, 210 MHz, 0 %, 23.82 W, 7186 MiB
2026/07/05 18:53:16.415, 210 MHz, 0 %, 23.64 W, 7186 MiB
2026/07/05 18:53:17.416, 210 MHz, 0 %, 23.67 W, 7186 MiB
2026/07/05 18:53:18.416, 210 MHz, 0 %, 23.81 W, 7186 MiB
2026/07/05 18:53:19.417, 210 MHz, 0 %, 23.65 W, 7186 MiB
2026/07/05 18:53:20.417, 210 MHz, 0 %, 23.65 W, 7186 MiB
2026/07/05 18:53:21.418, 210 MHz, 0 %, 23.76 W, 7186 MiB
2026/07/05 18:53:22.418, 210 MHz, 0 %, 23.63 W, 7186 MiB
2026/07/05 18:53:23.418, 210 MHz, 0 %, 23.65 W, 7186 MiB
2026/07/05 18:53:24.419, 210 MHz, 0 %, 23.78 W, 7186 MiB
2026/07/05 18:53:25.419, 210 MHz, 0 %, 23.62 W, 7186 MiB
2026/07/05 18:53:26.419, 210 MHz, 0 %, 23.62 W, 7186 MiB
2026/07/05 18:53:27.420, 210 MHz, 0 %, 23.74 W, 7186 MiB
2026/07/05 18:53:28.420, 210 MHz, 0 %, 23.59 W, 7186 MiB
2026/07/05 18:53:29.421, 210 MHz, 0 %, 23.62 W, 7186 MiB
2026/07/05 18:53:30.421, 210 MHz, 0 %, 23.75 W, 7186 MiB
2026/07/05 18:53:31.421, 210 MHz, 0 %, 23.61 W, 7186 MiB
2026/07/05 18:53:32.422, 1965 MHz, 0 %, 76.84 W, 7186 MiB
2026/07/05 18:53:33.422, 1965 MHz, 0 %, 152.02 W, 7186 MiB
2026/07/05 18:53:34.422, 1950 MHz, 92 %, 172.49 W, 7196 MiB
2026/07/05 18:53:35.423, 1935 MHz, 89 %, 281.42 W, 7240 MiB
2026/07/05 18:53:36.423, 1950 MHz, 73 %, 275.45 W, 7240 MiB
2026/07/05 18:53:37.423, 1950 MHz, 55 %, 267.76 W, 7240 MiB
2026/07/05 18:53:38.424, 1950 MHz, 28 %, 261.04 W, 7240 MiB
2026/07/05 18:53:39.424, 1935 MHz, 17 %, 269.75 W, 7240 MiB
2026/07/05 18:53:40.424, 1920 MHz, 20 %, 268.62 W, 7240 MiB
2026/07/05 18:53:41.425, 1860 MHz, 100 %, 257.29 W, 7240 MiB
2026/07/05 18:53:42.425, 1950 MHz, 32 %, 216.51 W, 7240 MiB
2026/07/05 18:53:43.425, 1920 MHz, 28 %, 281.50 W, 7240 MiB
2026/07/05 18:53:44.426, 1875 MHz, 100 %, 320.83 W, 7240 MiB
2026/07/05 18:53:45.426, 1920 MHz, 21 %, 286.01 W, 7240 MiB
2026/07/05 18:53:46.426, 1935 MHz, 17 %, 274.75 W, 7240 MiB
2026/07/05 18:53:47.427, 1920 MHz, 28 %, 274.73 W, 7240 MiB
2026/07/05 18:53:48.427, 1905 MHz, 100 %, 300.82 W, 7240 MiB
2026/07/05 18:53:49.427, 1875 MHz, 100 %, 324.32 W, 7240 MiB
2026/07/05 18:53:50.428, 1935 MHz, 71 %, 242.78 W, 7240 MiB
2026/07/05 18:53:51.428, 1920 MHz, 38 %, 292.77 W, 7240 MiB
2026/07/05 18:53:52.429, 1845 MHz, 100 %, 271.95 W, 7240 MiB
2026/07/05 18:53:53.429, 1905 MHz, 94 %, 272.86 W, 7240 MiB
2026/07/05 18:53:54.429, 1905 MHz, 78 %, 290.21 W, 7240 MiB
2026/07/05 18:53:55.430, 1905 MHz, 61 %, 291.40 W, 7240 MiB
2026/07/05 18:53:56.430, 1905 MHz, 36 %, 294.04 W, 7240 MiB
2026/07/05 18:53:57.430, 1845 MHz, 73 %, 302.76 W, 7240 MiB
2026/07/05 18:53:58.431, 1785 MHz, 79 %, 331.39 W, 7240 MiB
2026/07/05 18:53:59.431, 1845 MHz, 75 %, 331.42 W, 7240 MiB
2026/07/05 18:54:00.431, 1875 MHz, 79 %, 333.94 W, 7240 MiB
2026/07/05 18:54:01.432, 1845 MHz, 76 %, 334.31 W, 7240 MiB
2026/07/05 18:54:02.432, 1890 MHz, 79 %, 338.85 W, 7240 MiB
2026/07/05 18:54:03.433, 1905 MHz, 81 %, 338.92 W, 7240 MiB
2026/07/05 18:54:04.433, 1890 MHz, 73 %, 328.13 W, 7240 MiB
2026/07/05 18:54:05.433, 1890 MHz, 74 %, 324.50 W, 7240 MiB
2026/07/05 18:54:06.434, 1890 MHz, 71 %, 325.60 W, 7240 MiB
2026/07/05 18:54:07.434, 1875 MHz, 71 %, 331.89 W, 7240 MiB
2026/07/05 18:54:08.434, 1905 MHz, 69 %, 335.26 W, 7240 MiB
2026/07/05 18:54:09.435, 1890 MHz, 69 %, 326.26 W, 7240 MiB
2026/07/05 18:54:10.435, 1890 MHz, 67 %, 319.42 W, 7240 MiB
2026/07/05 18:54:11.435, 1890 MHz, 65 %, 330.45 W, 7240 MiB
2026/07/05 18:54:12.436, 1905 MHz, 0 %, 302.80 W, 7240 MiB
2026/07/05 18:54:13.436, 1920 MHz, 0 %, 188.37 W, 7240 MiB
2026/07/05 18:54:14.437, 1695 MHz, 0 %, 165.64 W, 7240 MiB
2026/07/05 18:54:15.437, 1695 MHz, 0 %, 150.22 W, 7240 MiB
2026/07/05 18:54:16.437, 1695 MHz, 0 %, 134.60 W, 7240 MiB
2026/07/05 18:54:17.438, 1695 MHz, 0 %, 133.88 W, 7240 MiB
2026/07/05 18:54:18.438, 1695 MHz, 0 %, 133.37 W, 7240 MiB
2026/07/05 18:54:19.438, 1695 MHz, 0 %, 132.88 W, 7240 MiB
2026/07/05 18:54:20.439, 1695 MHz, 0 %, 132.51 W, 7240 MiB
2026/07/05 18:54:21.439, 1695 MHz, 0 %, 132.27 W, 7240 MiB
2026/07/05 18:54:22.439, 1695 MHz, 0 %, 131.96 W, 7240 MiB
2026/07/05 18:54:23.440, 1695 MHz, 0 %, 131.62 W, 7240 MiB
2026/07/05 18:54:24.440, 1695 MHz, 0 %, 131.53 W, 7240 MiB
2026/07/05 18:54:25.440, 1695 MHz, 0 %, 131.38 W, 7240 MiB
2026/07/05 18:54:26.441, 1695 MHz, 0 %, 131.13 W, 7240 MiB
2026/07/05 18:54:27.441, 1695 MHz, 0 %, 131.02 W, 7240 MiB
2026/07/05 18:54:28.441, 1695 MHz, 0 %, 130.94 W, 7240 MiB
2026/07/05 18:54:29.442, 1695 MHz, 0 %, 130.77 W, 7240 MiB
2026/07/05 18:54:30.442, 210 MHz, 0 %, 84.18 W, 7240 MiB
2026/07/05 18:54:31.442, 210 MHz, 0 %, 32.50 W, 7240 MiB
2026/07/05 18:54:32.443, 210 MHz, 0 %, 26.64 W, 7240 MiB
2026/07/05 18:54:33.443, 210 MHz, 0 %, 25.64 W, 7240 MiB
2026/07/05 18:54:34.443, 210 MHz, 0 %, 25.42 W, 7240 MiB
2026/07/05 18:54:35.444, 210 MHz, 0 %, 25.41 W, 7240 MiB
2026/07/05 18:54:36.444, 210 MHz, 0 %, 25.06 W, 7240 MiB
2026/07/05 18:54:37.444, 210 MHz, 0 %, 24.88 W, 7240 MiB
2026/07/05 18:54:38.445, 210 MHz, 0 %, 25.25 W, 7240 MiB
2026/07/05 18:54:39.445, 210 MHz, 0 %, 25.21 W, 7240 MiB
2026/07/05 18:54:40.445, 210 MHz, 0 %, 25.05 W, 7240 MiB
2026/07/05 18:54:41.446, 210 MHz, 0 %, 24.97 W, 7240 MiB
2026/07/05 18:54:42.446, 210 MHz, 0 %, 24.69 W, 7240 MiB
2026/07/05 18:54:43.446, 210 MHz, 0 %, 24.49 W, 7240 MiB
2026/07/05 18:54:44.447, 210 MHz, 0 %, 24.42 W, 7240 MiB
2026/07/05 18:54:45.447, 210 MHz, 0 %, 24.52 W, 7240 MiB
2026/07/05 18:54:46.447, 210 MHz, 0 %, 24.31 W, 7240 MiB
2026/07/05 18:54:47.448, 210 MHz, 0 %, 24.27 W, 7240 MiB
2026/07/05 18:54:48.448, 210 MHz, 0 %, 24.40 W, 7240 MiB
2026/07/05 18:54:49.448, 210 MHz, 0 %, 24.22 W, 7240 MiB
2026/07/05 18:54:50.449, 210 MHz, 0 %, 24.27 W, 7240 MiB
2026/07/05 18:54:51.449, 210 MHz, 0 %, 24.42 W, 7240 MiB
2026/07/05 18:54:52.449, 210 MHz, 0 %, 24.20 W, 7240 MiB
2026/07/05 18:54:53.450, 210 MHz, 0 %, 24.17 W, 7240 MiB
2026/07/05 18:54:54.450, 210 MHz, 0 %, 24.31 W, 7240 MiB
2026/07/05 18:54:55.450, 210 MHz, 0 %, 24.12 W, 7240 MiB
2026/07/05 18:54:56.451, 210 MHz, 0 %, 24.08 W, 7240 MiB
2026/07/05 18:54:57.451, 210 MHz, 0 %, 24.21 W, 7240 MiB
2026/07/05 18:54:58.451, 210 MHz, 0 %, 24.01 W, 7240 MiB
2026/07/05 18:54:59.452, 210 MHz, 0 %, 24.01 W, 7240 MiB
2026/07/05 18:55:00.452, 210 MHz, 0 %, 24.20 W, 7240 MiB
2026/07/05 18:55:01.452, 210 MHz, 0 %, 24.02 W, 7240 MiB
2026/07/05 18:55:02.453, 210 MHz, 0 %, 24.00 W, 7240 MiB
2026/07/05 18:55:03.453, 210 MHz, 0 %, 24.13 W, 7240 MiB
2026/07/05 18:55:04.453, 210 MHz, 0 %, 24.00 W, 7240 MiB
2026/07/05 18:55:05.454, 210 MHz, 0 %, 24.00 W, 7240 MiB
2026/07/05 18:55:06.454, 210 MHz, 0 %, 24.13 W, 7240 MiB
2026/07/05 18:55:07.454, 210 MHz, 0 %, 23.96 W, 7240 MiB
2026/07/05 18:55:08.455, 210 MHz, 0 %, 23.93 W, 7240 MiB
2026/07/05 18:55:09.455, 210 MHz, 0 %, 24.07 W, 7240 MiB
2026/07/05 18:55:10.455, 210 MHz, 0 %, 23.93 W, 7240 MiB
2026/07/05 18:55:11.456, 210 MHz, 0 %, 24.44 W, 7240 MiB
2026/07/05 18:55:12.456, 210 MHz, 0 %, 24.57 W, 7240 MiB
2026/07/05 18:55:13.456, 210 MHz, 0 %, 24.05 W, 7240 MiB
2026/07/05 18:55:14.457, 210 MHz, 0 %, 23.92 W, 7240 MiB
2026/07/05 18:55:15.457, 210 MHz, 0 %, 23.97 W, 7240 MiB
2026/07/05 18:55:16.457, 210 MHz, 0 %, 24.12 W, 7240 MiB
2026/07/05 18:55:17.458, 210 MHz, 0 %, 23.95 W, 7240 MiB
2026/07/05 18:55:18.458, 210 MHz, 0 %, 23.95 W, 7240 MiB
2026/07/05 18:55:19.458, 210 MHz, 0 %, 24.10 W, 7240 MiB
2026/07/05 18:55:20.459, 210 MHz, 0 %, 23.97 W, 7240 MiB
2026/07/05 18:55:21.459, 210 MHz, 0 %, 23.98 W, 7240 MiB
2026/07/05 18:55:22.459, 210 MHz, 0 %, 24.16 W, 7240 MiB
2026/07/05 18:55:23.460, 210 MHz, 0 %, 24.01 W, 7240 MiB
2026/07/05 18:55:24.460, 210 MHz, 0 %, 23.99 W, 7240 MiB
2026/07/05 18:55:25.460, 210 MHz, 0 %, 24.13 W, 7240 MiB
2026/07/05 18:55:26.461, 210 MHz, 0 %, 23.94 W, 7240 MiB
2026/07/05 18:55:27.461, 210 MHz, 0 %, 23.90 W, 7240 MiB
2026/07/05 18:55:28.461, 210 MHz, 0 %, 24.02 W, 7240 MiB
2026/07/05 18:55:29.462, 210 MHz, 0 %, 23.89 W, 7240 MiB
2026/07/05 18:55:30.462, 210 MHz, 0 %, 23.90 W, 7240 MiB
2026/07/05 18:55:31.462, 210 MHz, 0 %, 24.02 W, 7240 MiB
2026/07/05 18:55:32.463, 210 MHz, 0 %, 23.87 W, 7240 MiB
2026/07/05 18:55:33.463, 210 MHz, 0 %, 23.91 W, 7240 MiB
2026/07/05 18:55:34.463, 210 MHz, 0 %, 24.04 W, 7240 MiB
2026/07/05 18:55:35.464, 210 MHz, 0 %, 23.86 W, 7240 MiB
2026/07/05 18:55:36.464, 210 MHz, 0 %, 23.84 W, 7240 MiB
2026/07/05 18:55:37.464, 210 MHz, 0 %, 24.01 W, 7240 MiB
2026/07/05 18:55:38.465, 210 MHz, 0 %, 23.84 W, 7240 MiB
2026/07/05 18:55:39.465, 210 MHz, 0 %, 23.80 W, 7240 MiB
2026/07/05 18:55:40.465, 210 MHz, 0 %, 23.99 W, 7240 MiB
2026/07/05 18:55:41.466, 210 MHz, 0 %, 23.85 W, 7240 MiB
2026/07/05 18:55:42.466, 210 MHz, 0 %, 23.83 W, 7240 MiB
2026/07/05 18:55:43.466, 210 MHz, 0 %, 23.97 W, 7240 MiB
2026/07/05 18:55:44.467, 210 MHz, 0 %, 23.83 W, 7240 MiB
2026/07/05 18:55:45.467, 210 MHz, 0 %, 23.83 W, 7240 MiB
2026/07/05 18:55:46.467, 210 MHz, 0 %, 23.85 W, 7240 MiB
2026/07/05 18:55:47.468, 210 MHz, 0 %, 23.84 W, 7240 MiB
2026/07/05 18:55:48.468, 210 MHz, 0 %, 23.96 W, 7240 MiB
2026/07/05 18:55:49.468, 210 MHz, 0 %, 23.83 W, 7240 MiB
2026/07/05 18:55:50.469, 210 MHz, 0 %, 23.86 W, 7240 MiB
2026/07/05 18:55:51.469, 210 MHz, 0 %, 23.99 W, 7240 MiB
2026/07/05 18:55:52.470, 210 MHz, 0 %, 23.80 W, 7240 MiB
2026/07/05 18:55:53.470, 210 MHz, 0 %, 23.81 W, 7240 MiB
2026/07/05 18:55:54.470, 210 MHz, 0 %, 23.95 W, 7240 MiB
2026/07/05 18:55:55.471, 210 MHz, 0 %, 23.80 W, 7240 MiB
2026/07/05 18:55:56.471, 210 MHz, 0 %, 23.80 W, 7240 MiB
2026/07/05 18:55:57.471, 210 MHz, 0 %, 23.93 W, 7240 MiB
2026/07/05 18:55:58.472, 210 MHz, 0 %, 23.80 W, 7240 MiB
2026/07/05 18:55:59.472, 210 MHz, 0 %, 23.78 W, 7240 MiB
2026/07/05 18:56:00.472, 210 MHz, 0 %, 23.92 W, 7240 MiB
2026/07/05 18:56:01.473, 210 MHz, 0 %, 23.80 W, 7240 MiB
2026/07/05 18:56:02.473, 210 MHz, 0 %, 23.79 W, 7240 MiB
2026/07/05 18:56:03.474, 210 MHz, 0 %, 23.93 W, 7240 MiB
2026/07/05 18:56:04.474, 210 MHz, 0 %, 23.81 W, 7240 MiB
2026/07/05 18:56:05.474, 210 MHz, 0 %, 23.79 W, 7240 MiB
2026/07/05 18:56:06.475, 210 MHz, 0 %, 23.90 W, 7240 MiB
2026/07/05 18:56:07.475, 210 MHz, 0 %, 23.76 W, 7240 MiB
2026/07/05 18:56:08.475, 210 MHz, 0 %, 23.78 W, 7240 MiB
2026/07/05 18:56:09.476, 210 MHz, 0 %, 23.90 W, 7240 MiB
2026/07/05 18:56:10.476, 210 MHz, 0 %, 23.75 W, 7240 MiB
2026/07/05 18:56:11.476, 210 MHz, 0 %, 23.76 W, 7240 MiB
2026/07/05 18:56:12.477, 210 MHz, 0 %, 23.92 W, 7240 MiB
2026/07/05 18:56:13.477, 210 MHz, 0 %, 23.78 W, 7240 MiB
2026/07/05 18:56:14.478, 210 MHz, 0 %, 23.76 W, 7240 MiB
2026/07/05 18:56:15.478, 210 MHz, 0 %, 23.87 W, 7240 MiB
2026/07/05 18:56:16.478, 210 MHz, 0 %, 23.71 W, 7240 MiB
2026/07/05 18:56:17.479, 210 MHz, 0 %, 23.68 W, 7240 MiB
2026/07/05 18:56:18.479, 210 MHz, 0 %, 23.80 W, 7240 MiB
2026/07/05 18:56:19.479, 210 MHz, 0 %, 23.68 W, 7240 MiB
2026/07/05 18:56:20.480, 210 MHz, 0 %, 23.71 W, 7240 MiB
2026/07/05 18:56:21.480, 210 MHz, 0 %, 23.84 W, 7240 MiB
2026/07/05 18:56:22.481, 210 MHz, 0 %, 23.68 W, 7240 MiB
2026/07/05 18:56:23.481, 210 MHz, 0 %, 23.84 W, 7240 MiB
2026/07/05 18:56:24.481, 210 MHz, 0 %, 24.01 W, 7240 MiB
2026/07/05 18:56:25.482, 210 MHz, 0 %, 23.85 W, 7240 MiB
2026/07/05 18:56:26.482, 210 MHz, 0 %, 23.71 W, 7240 MiB
2026/07/05 18:56:27.483, 210 MHz, 0 %, 23.92 W, 7240 MiB
2026/07/05 18:56:28.484, 210 MHz, 0 %, 24.09 W, 7240 MiB
2026/07/05 18:56:29.484, 210 MHz, 0 %, 23.89 W, 7240 MiB
2026/07/05 18:56:30.484, 210 MHz, 0 %, 23.72 W, 7240 MiB
2026/07/05 18:56:31.485, 210 MHz, 0 %, 23.69 W, 7240 MiB
2026/07/05 18:56:32.485, 210 MHz, 0 %, 23.81 W, 7240 MiB
2026/07/05 18:56:33.485, 210 MHz, 0 %, 23.66 W, 7240 MiB
2026/07/05 18:56:34.486, 210 MHz, 0 %, 23.62 W, 7240 MiB
2026/07/05 18:56:35.486, 210 MHz, 0 %, 23.76 W, 7240 MiB
2026/07/05 18:56:36.486, 210 MHz, 0 %, 23.66 W, 7240 MiB
2026/07/05 18:56:37.487, 210 MHz, 0 %, 23.64 W, 7240 MiB
2026/07/05 18:56:38.487, 210 MHz, 0 %, 23.81 W, 7240 MiB
2026/07/05 18:56:39.488, 210 MHz, 0 %, 23.72 W, 7240 MiB
2026/07/05 18:56:40.488, 210 MHz, 0 %, 23.72 W, 7240 MiB
2026/07/05 18:56:41.488, 210 MHz, 0 %, 23.82 W, 7240 MiB
2026/07/05 18:56:42.489, 210 MHz, 0 %, 23.70 W, 7240 MiB
2026/07/05 18:56:43.489, 210 MHz, 0 %, 23.72 W, 7240 MiB
2026/07/05 18:56:44.489, 210 MHz, 0 %, 23.88 W, 7240 MiB
2026/07/05 18:56:45.490, 210 MHz, 0 %, 23.76 W, 7240 MiB
2026/07/05 18:56:46.490, 210 MHz, 0 %, 23.74 W, 7240 MiB
2026/07/05 18:56:47.490, 210 MHz, 0 %, 23.86 W, 7240 MiB
2026/07/05 18:56:48.491, 210 MHz, 0 %, 23.70 W, 7240 MiB
2026/07/05 18:56:49.491, 210 MHz, 0 %, 23.67 W, 7240 MiB
2026/07/05 18:56:50.492, 210 MHz, 0 %, 23.79 W, 7240 MiB
2026/07/05 18:56:51.492, 210 MHz, 0 %, 23.68 W, 7240 MiB
2026/07/05 18:56:52.492, 210 MHz, 0 %, 23.67 W, 7240 MiB
2026/07/05 18:56:53.493, 210 MHz, 0 %, 23.80 W, 7240 MiB
2026/07/05 18:56:54.493, 210 MHz, 0 %, 23.67 W, 7240 MiB
2026/07/05 18:56:55.493, 210 MHz, 0 %, 23.64 W, 7240 MiB
2026/07/05 18:56:56.494, 210 MHz, 0 %, 23.74 W, 7240 MiB
2026/07/05 18:56:57.494, 210 MHz, 0 %, 23.60 W, 7240 MiB
2026/07/05 18:56:58.495, 210 MHz, 0 %, 23.62 W, 7240 MiB
2026/07/05 18:56:59.495, 210 MHz, 0 %, 23.73 W, 7240 MiB
2026/07/05 18:57:00.496, 210 MHz, 0 %, 23.62 W, 7240 MiB
2026/07/05 18:57:01.496, 210 MHz, 0 %, 23.65 W, 7240 MiB
2026/07/05 18:57:02.496, 1695 MHz, 91 %, 51.10 W, 7240 MiB
2026/07/05 18:57:03.497, 1980 MHz, 0 %, 153.81 W, 7240 MiB
2026/07/05 18:57:04.497, 1935 MHz, 55 %, 249.55 W, 7240 MiB
2026/07/05 18:57:05.498, 1920 MHz, 90 %, 277.61 W, 7240 MiB
2026/07/05 18:57:06.498, 1935 MHz, 22 %, 296.48 W, 7240 MiB
2026/07/05 18:57:07.498, 1920 MHz, 69 %, 261.77 W, 7240 MiB
2026/07/05 18:57:08.499, 1935 MHz, 20 %, 256.38 W, 7240 MiB
2026/07/05 18:57:09.499, 1935 MHz, 31 %, 252.76 W, 7240 MiB
2026/07/05 18:57:10.500, 1935 MHz, 46 %, 265.95 W, 7240 MiB
2026/07/05 18:57:11.500, 1920 MHz, 69 %, 278.17 W, 7240 MiB
2026/07/05 18:57:12.500, 1935 MHz, 75 %, 265.19 W, 7240 MiB
2026/07/05 18:57:13.501, 1935 MHz, 36 %, 270.26 W, 7240 MiB
2026/07/05 18:57:14.501, 1935 MHz, 61 %, 258.05 W, 7240 MiB
2026/07/05 18:57:15.501, 1905 MHz, 69 %, 289.04 W, 7240 MiB
2026/07/05 18:57:16.502, 1920 MHz, 38 %, 246.63 W, 7240 MiB
2026/07/05 18:57:17.502, 1935 MHz, 31 %, 261.69 W, 7240 MiB
2026/07/05 18:57:18.502, 1920 MHz, 61 %, 305.01 W, 7240 MiB
2026/07/05 18:57:19.503, 1920 MHz, 65 %, 304.73 W, 7240 MiB
2026/07/05 18:57:20.503, 1920 MHz, 27 %, 301.83 W, 7240 MiB
2026/07/05 18:57:21.503, 1935 MHz, 74 %, 286.98 W, 7240 MiB
2026/07/05 18:57:22.504, 1920 MHz, 64 %, 270.65 W, 7240 MiB
2026/07/05 18:57:23.504, 1920 MHz, 24 %, 301.89 W, 7240 MiB
2026/07/05 18:57:24.504, 1875 MHz, 100 %, 285.69 W, 7240 MiB
2026/07/05 18:57:25.505, 1890 MHz, 95 %, 297.50 W, 7240 MiB
2026/07/05 18:57:26.505, 1905 MHz, 68 %, 285.65 W, 7240 MiB
2026/07/05 18:57:27.506, 1830 MHz, 92 %, 298.65 W, 7240 MiB
2026/07/05 18:57:28.506, 1890 MHz, 62 %, 282.89 W, 7240 MiB
2026/07/05 18:57:29.506, 1890 MHz, 66 %, 293.28 W, 7240 MiB
2026/07/05 18:57:30.507, 1920 MHz, 30 %, 270.22 W, 7240 MiB
2026/07/05 18:57:31.507, 1875 MHz, 99 %, 295.95 W, 7240 MiB
2026/07/05 18:57:32.507, 1905 MHz, 49 %, 288.02 W, 7240 MiB
2026/07/05 18:57:33.508, 1845 MHz, 100 %, 304.47 W, 7240 MiB
2026/07/05 18:57:34.508, 1890 MHz, 99 %, 314.58 W, 7240 MiB
2026/07/05 18:57:35.508, 1905 MHz, 75 %, 296.14 W, 7240 MiB
2026/07/05 18:57:36.509, 1875 MHz, 75 %, 338.48 W, 7240 MiB
2026/07/05 18:57:37.509, 1860 MHz, 74 %, 334.77 W, 7240 MiB
2026/07/05 18:57:38.509, 1905 MHz, 73 %, 320.18 W, 7240 MiB
2026/07/05 18:57:39.510, 1845 MHz, 70 %, 322.78 W, 7240 MiB
2026/07/05 18:57:40.510, 1875 MHz, 69 %, 326.92 W, 7240 MiB
2026/07/05 18:57:41.511, 1905 MHz, 65 %, 333.45 W, 7240 MiB
2026/07/05 18:57:42.511, 1920 MHz, 65 %, 331.88 W, 7240 MiB
2026/07/05 18:57:43.511, 1905 MHz, 69 %, 325.46 W, 7240 MiB
2026/07/05 18:57:44.512, 1920 MHz, 74 %, 327.33 W, 7240 MiB
2026/07/05 18:57:45.512, 1920 MHz, 62 %, 322.05 W, 7240 MiB
2026/07/05 18:57:46.513, 1920 MHz, 0 %, 227.05 W, 7240 MiB
2026/07/05 18:57:47.513, 1920 MHz, 0 %, 187.01 W, 7240 MiB
2026/07/05 18:57:48.513, 1695 MHz, 0 %, 160.52 W, 7240 MiB
2026/07/05 18:57:49.514, 1920 MHz, 62 %, 192.42 W, 7240 MiB
2026/07/05 18:57:50.514, 1920 MHz, 61 %, 314.35 W, 7240 MiB
2026/07/05 18:57:51.514, 1920 MHz, 62 %, 319.71 W, 7240 MiB
2026/07/05 18:57:52.515, 1920 MHz, 61 %, 316.12 W, 7240 MiB
2026/07/05 18:57:53.515, 1920 MHz, 63 %, 316.41 W, 7240 MiB
2026/07/05 18:57:54.516, 1920 MHz, 62 %, 317.24 W, 7240 MiB
2026/07/05 18:57:55.517, 1920 MHz, 61 %, 320.98 W, 7240 MiB
2026/07/05 18:57:56.517, 1920 MHz, 62 %, 317.36 W, 7240 MiB
2026/07/05 18:57:57.517, 1905 MHz, 61 %, 316.80 W, 7240 MiB
2026/07/05 18:57:58.518, 1905 MHz, 60 %, 316.38 W, 7240 MiB
2026/07/05 18:57:59.518, 1905 MHz, 62 %, 320.49 W, 7240 MiB
2026/07/05 18:58:00.519, 1905 MHz, 63 %, 316.02 W, 7240 MiB
2026/07/05 18:58:01.519, 1905 MHz, 62 %, 316.67 W, 7240 MiB
2026/07/05 18:58:02.519, 1905 MHz, 45 %, 318.94 W, 7240 MiB
2026/07/05 18:58:03.520, 1890 MHz, 72 %, 301.15 W, 7240 MiB
2026/07/05 18:58:04.520, 1890 MHz, 74 %, 298.65 W, 7240 MiB
2026/07/05 18:58:05.520, 1905 MHz, 75 %, 292.73 W, 7240 MiB
2026/07/05 18:58:06.521, 1875 MHz, 72 %, 295.36 W, 7240 MiB
2026/07/05 18:58:07.521, 1890 MHz, 72 %, 283.05 W, 7240 MiB
2026/07/05 18:58:08.521, 1875 MHz, 75 %, 300.25 W, 7240 MiB
2026/07/05 18:58:09.522, 1890 MHz, 66 %, 271.31 W, 7240 MiB
2026/07/05 18:58:10.522, 1890 MHz, 74 %, 298.93 W, 7240 MiB
2026/07/05 18:58:11.523, 1875 MHz, 71 %, 288.87 W, 7240 MiB
2026/07/05 18:58:12.523, 1875 MHz, 61 %, 295.03 W, 7240 MiB
2026/07/05 18:58:13.523, 1800 MHz, 69 %, 296.57 W, 7240 MiB
2026/07/05 18:58:14.524, 1830 MHz, 69 %, 307.77 W, 7240 MiB
2026/07/05 18:58:15.524, 1890 MHz, 29 %, 292.11 W, 7240 MiB
2026/07/05 18:58:16.525, 1815 MHz, 70 %, 289.02 W, 7240 MiB
2026/07/05 18:58:17.525, 1830 MHz, 69 %, 294.29 W, 7240 MiB
2026/07/05 18:58:18.525, 1785 MHz, 70 %, 287.10 W, 7240 MiB
2026/07/05 18:58:19.525, 1785 MHz, 69 %, 301.47 W, 7240 MiB
2026/07/05 18:58:20.526, 1785 MHz, 70 %, 281.78 W, 7240 MiB
2026/07/05 18:58:21.526, 1800 MHz, 70 %, 293.49 W, 7240 MiB
2026/07/05 18:58:22.527, 1755 MHz, 70 %, 296.24 W, 7240 MiB
2026/07/05 18:58:23.527, 1875 MHz, 61 %, 235.24 W, 7240 MiB
2026/07/05 18:58:24.527, 1830 MHz, 62 %, 298.08 W, 7240 MiB
2026/07/05 18:58:25.528, 1740 MHz, 72 %, 284.41 W, 7240 MiB
2026/07/05 18:58:26.528, 1740 MHz, 70 %, 287.52 W, 7240 MiB
2026/07/05 18:58:27.529, 1740 MHz, 73 %, 291.54 W, 7240 MiB
2026/07/05 18:58:28.529, 1800 MHz, 71 %, 287.58 W, 7240 MiB
2026/07/05 18:58:29.529, 1695 MHz, 72 %, 286.50 W, 7240 MiB
2026/07/05 18:58:30.530, 1725 MHz, 72 %, 279.98 W, 7240 MiB
2026/07/05 18:58:31.530, 1755 MHz, 73 %, 285.74 W, 7240 MiB
2026/07/05 18:58:32.530, 1695 MHz, 70 %, 278.26 W, 7240 MiB
2026/07/05 18:58:33.531, 1710 MHz, 73 %, 275.24 W, 7240 MiB
2026/07/05 18:58:34.531, 1725 MHz, 52 %, 269.79 W, 7240 MiB
2026/07/05 18:58:35.531, 1695 MHz, 72 %, 274.52 W, 7240 MiB
2026/07/05 18:58:36.532, 1725 MHz, 69 %, 279.94 W, 7240 MiB
2026/07/05 18:58:37.532, 1830 MHz, 62 %, 273.08 W, 7240 MiB
2026/07/05 18:58:38.532, 1725 MHz, 62 %, 275.43 W, 7240 MiB
2026/07/05 18:58:39.533, 1695 MHz, 75 %, 269.99 W, 7240 MiB
2026/07/05 18:58:40.533, 1650 MHz, 75 %, 257.33 W, 7240 MiB
2026/07/05 18:58:41.534, 1680 MHz, 75 %, 258.72 W, 7240 MiB
2026/07/05 18:58:42.534, 1680 MHz, 76 %, 266.57 W, 7240 MiB
2026/07/05 18:58:43.534, 1815 MHz, 47 %, 263.63 W, 7240 MiB
2026/07/05 18:58:44.535, 1695 MHz, 76 %, 260.25 W, 7322 MiB
2026/07/05 18:58:45.535, 1620 MHz, 76 %, 268.44 W, 7322 MiB
2026/07/05 18:58:46.535, 1680 MHz, 75 %, 256.79 W, 7322 MiB
2026/07/05 18:58:47.536, 1650 MHz, 76 %, 265.34 W, 7322 MiB
2026/07/05 18:58:48.536, 1785 MHz, 59 %, 261.58 W, 7322 MiB
2026/07/05 18:58:49.536, 1665 MHz, 77 %, 265.82 W, 7322 MiB
2026/07/05 18:58:50.537, 1695 MHz, 76 %, 269.11 W, 7322 MiB
2026/07/05 18:58:51.537, 1590 MHz, 77 %, 263.25 W, 7322 MiB
2026/07/05 18:58:52.537, 1650 MHz, 76 %, 257.33 W, 7322 MiB
2026/07/05 18:58:53.538, 1665 MHz, 32 %, 257.70 W, 7322 MiB
2026/07/05 18:58:54.538, 1680 MHz, 74 %, 257.78 W, 7322 MiB
2026/07/05 18:58:55.538, 1635 MHz, 76 %, 266.57 W, 7322 MiB
2026/07/05 18:58:56.539, 1590 MHz, 77 %, 259.50 W, 7322 MiB
2026/07/05 18:58:57.539, 1650 MHz, 76 %, 255.99 W, 7322 MiB
2026/07/05 18:58:58.539, 1710 MHz, 31 %, 248.18 W, 7322 MiB
2026/07/05 18:58:59.540, 1740 MHz, 63 %, 261.89 W, 7322 MiB
2026/07/05 18:59:00.540, 1680 MHz, 100 %, 280.12 W, 7516 MiB
2026/07/05 18:59:01.540, 1590 MHz, 77 %, 243.62 W, 7516 MiB
2026/07/05 18:59:02.541, 1575 MHz, 78 %, 258.93 W, 7516 MiB
2026/07/05 18:59:03.541, 1650 MHz, 78 %, 266.26 W, 7516 MiB
2026/07/05 18:59:04.541, 1635 MHz, 83 %, 265.93 W, 7516 MiB
2026/07/05 18:59:05.542, 1665 MHz, 78 %, 266.12 W, 7516 MiB
2026/07/05 18:59:06.542, 1620 MHz, 80 %, 266.38 W, 7516 MiB
2026/07/05 18:59:07.542, 1560 MHz, 82 %, 263.42 W, 7516 MiB
2026/07/05 18:59:08.543, 1440 MHz, 69 %, 259.01 W, 7516 MiB
2026/07/05 18:59:09.543, 1680 MHz, 77 %, 268.63 W, 7516 MiB
2026/07/05 18:59:10.543, 1605 MHz, 78 %, 267.71 W, 7516 MiB
2026/07/05 18:59:11.544, 1650 MHz, 80 %, 257.76 W, 7516 MiB
2026/07/05 18:59:12.544, 1620 MHz, 79 %, 260.39 W, 7516 MiB
2026/07/05 18:59:13.544, 1665 MHz, 77 %, 260.75 W, 7516 MiB
2026/07/05 18:59:14.545, 1620 MHz, 81 %, 260.74 W, 7516 MiB
2026/07/05 18:59:15.545, 1575 MHz, 77 %, 259.43 W, 7516 MiB
2026/07/05 18:59:16.546, 1620 MHz, 42 %, 251.24 W, 7516 MiB
2026/07/05 18:59:17.546, 1425 MHz, 100 %, 268.79 W, 7516 MiB
2026/07/05 18:59:18.546, 1620 MHz, 83 %, 262.59 W, 7516 MiB
2026/07/05 18:59:19.548, 1590 MHz, 83 %, 254.12 W, 7516 MiB
2026/07/05 18:59:20.549, 1575 MHz, 64 %, 248.65 W, 7516 MiB
2026/07/05 18:59:21.549, 1635 MHz, 82 %, 255.85 W, 7516 MiB
2026/07/05 18:59:22.549, 1635 MHz, 79 %, 258.14 W, 7516 MiB
2026/07/05 18:59:23.550, 1620 MHz, 83 %, 258.92 W, 7516 MiB
2026/07/05 18:59:24.550, 1635 MHz, 69 %, 255.42 W, 7516 MiB
2026/07/05 18:59:25.550, 1515 MHz, 100 %, 260.10 W, 7650 MiB
2026/07/05 18:59:26.551, 1605 MHz, 79 %, 271.36 W, 7650 MiB
2026/07/05 18:59:27.551, 1635 MHz, 82 %, 254.34 W, 7650 MiB
2026/07/05 18:59:28.551, 1590 MHz, 78 %, 257.26 W, 7650 MiB
2026/07/05 18:59:29.552, 1620 MHz, 84 %, 257.69 W, 7650 MiB
2026/07/05 18:59:30.552, 1620 MHz, 78 %, 257.75 W, 7650 MiB
2026/07/05 18:59:31.552, 1635 MHz, 83 %, 257.59 W, 7650 MiB
2026/07/05 18:59:32.553, 1695 MHz, 75 %, 256.63 W, 7650 MiB
2026/07/05 18:59:33.553, 1725 MHz, 62 %, 239.86 W, 7650 MiB
2026/07/05 18:59:34.553, 1725 MHz, 63 %, 265.60 W, 7650 MiB
2026/07/05 18:59:35.554, 1530 MHz, 100 %, 276.12 W, 7650 MiB
2026/07/05 18:59:36.554, 1605 MHz, 83 %, 283.09 W, 7650 MiB
2026/07/05 18:59:37.554, 1620 MHz, 82 %, 263.74 W, 7650 MiB
2026/07/05 18:59:38.555, 1605 MHz, 83 %, 266.24 W, 7650 MiB
2026/07/05 18:59:39.555, 1635 MHz, 85 %, 268.94 W, 7650 MiB
2026/07/05 18:59:40.555, 1635 MHz, 81 %, 269.74 W, 7650 MiB
2026/07/05 18:59:41.556, 1560 MHz, 78 %, 269.72 W, 7650 MiB
2026/07/05 18:59:42.556, 1665 MHz, 79 %, 271.56 W, 7650 MiB
2026/07/05 18:59:43.557, 1650 MHz, 85 %, 271.92 W, 7650 MiB
2026/07/05 18:59:44.557, 1650 MHz, 79 %, 270.60 W, 7650 MiB
2026/07/05 18:59:45.557, 1380 MHz, 78 %, 268.75 W, 7650 MiB
2026/07/05 18:59:46.558, 1455 MHz, 78 %, 238.91 W, 7650 MiB
2026/07/05 18:59:47.558, 1425 MHz, 100 %, 260.76 W, 7650 MiB
2026/07/05 18:59:48.558, 1665 MHz, 79 %, 265.90 W, 7650 MiB
2026/07/05 18:59:49.559, 1665 MHz, 83 %, 270.86 W, 7650 MiB
2026/07/05 18:59:50.559, 1410 MHz, 78 %, 268.51 W, 7650 MiB
2026/07/05 18:59:51.559, 1635 MHz, 83 %, 249.98 W, 7650 MiB
2026/07/05 18:59:52.560, 1620 MHz, 78 %, 270.49 W, 7650 MiB
2026/07/05 18:59:53.560, 1680 MHz, 79 %, 274.00 W, 7650 MiB
2026/07/05 18:59:54.560, 1665 MHz, 80 %, 273.72 W, 7650 MiB
2026/07/05 18:59:55.561, 1560 MHz, 77 %, 270.95 W, 7650 MiB
2026/07/05 18:59:56.561, 1560 MHz, 77 %, 264.35 W, 7650 MiB
2026/07/05 18:59:57.562, 1425 MHz, 75 %, 261.34 W, 7650 MiB
2026/07/05 18:59:58.562, 1560 MHz, 100 %, 267.47 W, 7650 MiB
2026/07/05 18:59:59.563, 1575 MHz, 82 %, 255.31 W, 7650 MiB
2026/07/05 19:00:00.563, 1590 MHz, 79 %, 253.99 W, 7650 MiB
2026/07/05 19:00:01.563, 1620 MHz, 86 %, 264.72 W, 7650 MiB
2026/07/05 19:00:02.564, 1635 MHz, 78 %, 266.68 W, 7650 MiB
2026/07/05 19:00:03.564, 1470 MHz, 80 %, 231.11 W, 7650 MiB
2026/07/05 19:00:04.564, 1545 MHz, 86 %, 241.90 W, 7650 MiB
2026/07/05 19:00:05.565, 1635 MHz, 81 %, 262.83 W, 7650 MiB
2026/07/05 19:00:06.565, 1635 MHz, 78 %, 264.55 W, 7650 MiB
2026/07/05 19:00:07.566, 1605 MHz, 78 %, 263.74 W, 7650 MiB
2026/07/05 19:00:08.566, 1575 MHz, 79 %, 263.53 W, 7650 MiB
2026/07/05 19:00:09.566, 1350 MHz, 100 %, 241.59 W, 7650 MiB
2026/07/05 19:00:10.567, 1275 MHz, 100 %, 240.98 W, 7650 MiB
2026/07/05 19:00:11.567, 1575 MHz, 78 %, 248.75 W, 7650 MiB
2026/07/05 19:00:12.567, 1605 MHz, 78 %, 254.72 W, 7650 MiB
2026/07/05 19:00:13.568, 1590 MHz, 78 %, 259.93 W, 7650 MiB
2026/07/05 19:00:14.568, 1590 MHz, 79 %, 259.93 W, 7650 MiB
2026/07/05 19:00:15.568, 1605 MHz, 79 %, 258.76 W, 7650 MiB
2026/07/05 19:00:16.569, 1470 MHz, 80 %, 253.74 W, 7650 MiB
2026/07/05 19:00:17.569, 1545 MHz, 84 %, 245.56 W, 7650 MiB
2026/07/05 19:00:18.569, 1545 MHz, 85 %, 261.67 W, 7650 MiB
2026/07/05 19:00:19.570, 1545 MHz, 79 %, 247.75 W, 7650 MiB
2026/07/05 19:00:20.570, 1680 MHz, 62 %, 252.96 W, 7650 MiB
2026/07/05 19:00:21.570, 1845 MHz, 0 %, 202.33 W, 7650 MiB
2026/07/05 19:00:22.571, 1890 MHz, 0 %, 181.06 W, 7650 MiB
2026/07/05 19:00:23.571, 1695 MHz, 0 %, 173.51 W, 7650 MiB
2026/07/05 19:00:24.572, 1695 MHz, 0 %, 159.06 W, 7650 MiB
2026/07/05 19:00:25.572, 1695 MHz, 0 %, 145.01 W, 7650 MiB
2026/07/05 19:00:26.572, 1695 MHz, 0 %, 143.94 W, 7650 MiB
2026/07/05 19:00:27.573, 1695 MHz, 0 %, 142.86 W, 7650 MiB
2026/07/05 19:00:28.573, 1695 MHz, 0 %, 142.03 W, 7650 MiB
2026/07/05 19:00:29.573, 1695 MHz, 0 %, 141.43 W, 7650 MiB
2026/07/05 19:00:30.574, 1695 MHz, 0 %, 140.99 W, 7650 MiB
2026/07/05 19:00:31.574, 1695 MHz, 0 %, 140.61 W, 7650 MiB
2026/07/05 19:00:32.574, 1695 MHz, 0 %, 140.31 W, 7650 MiB
2026/07/05 19:00:33.575, 1695 MHz, 0 %, 140.09 W, 7650 MiB
2026/07/05 19:00:34.575, 1695 MHz, 0 %, 139.85 W, 7650 MiB
2026/07/05 19:00:35.575, 1695 MHz, 0 %, 139.65 W, 7650 MiB
2026/07/05 19:00:36.576, 1695 MHz, 0 %, 139.40 W, 7650 MiB
2026/07/05 19:00:37.576, 1695 MHz, 0 %, 139.01 W, 7650 MiB
2026/07/05 19:00:38.577, 285 MHz, 0 %, 116.90 W, 7650 MiB
2026/07/05 19:00:39.577, 210 MHz, 0 %, 63.67 W, 7650 MiB
2026/07/05 19:00:40.577, 210 MHz, 0 %, 31.19 W, 7650 MiB
2026/07/05 19:00:41.578, 210 MHz, 0 %, 29.67 W, 7650 MiB
2026/07/05 19:00:42.578, 210 MHz, 0 %, 28.96 W, 7650 MiB
2026/07/05 19:00:43.578, 210 MHz, 0 %, 28.59 W, 7650 MiB
2026/07/05 19:00:44.579, 210 MHz, 0 %, 28.16 W, 7650 MiB
2026/07/05 19:00:45.579, 210 MHz, 0 %, 27.47 W, 7650 MiB
2026/07/05 19:00:46.580, 210 MHz, 0 %, 26.97 W, 7650 MiB
2026/07/05 19:00:47.580, 210 MHz, 0 %, 26.90 W, 7650 MiB
2026/07/05 19:00:48.580, 210 MHz, 0 %, 26.47 W, 7650 MiB
2026/07/05 19:00:49.580, 210 MHz, 0 %, 26.10 W, 7650 MiB
2026/07/05 19:00:50.581, 210 MHz, 0 %, 25.82 W, 7650 MiB
2026/07/05 19:00:51.581, 210 MHz, 0 %, 25.61 W, 7650 MiB
2026/07/05 19:00:52.582, 210 MHz, 0 %, 25.62 W, 7650 MiB
2026/07/05 19:00:53.582, 210 MHz, 0 %, 25.31 W, 7650 MiB
2026/07/05 19:00:54.582, 210 MHz, 0 %, 25.05 W, 7650 MiB
2026/07/05 19:00:55.583, 210 MHz, 0 %, 25.18 W, 7650 MiB
2026/07/05 19:00:56.583, 210 MHz, 0 %, 25.22 W, 7650 MiB
2026/07/05 19:00:57.583, 210 MHz, 0 %, 24.94 W, 7650 MiB
2026/07/05 19:00:58.584, 210 MHz, 0 %, 24.91 W, 7650 MiB
2026/07/05 19:00:59.584, 210 MHz, 0 %, 24.85 W, 7650 MiB
2026/07/05 19:01:00.584, 210 MHz, 0 %, 24.81 W, 7650 MiB
2026/07/05 19:01:01.585, 210 MHz, 0 %, 24.79 W, 7650 MiB
2026/07/05 19:01:02.585, 210 MHz, 0 %, 24.56 W, 7650 MiB
2026/07/05 19:01:03.585, 210 MHz, 0 %, 24.46 W, 7650 MiB
2026/07/05 19:01:04.586, 210 MHz, 0 %, 24.41 W, 7650 MiB
2026/07/05 19:01:05.586, 210 MHz, 0 %, 24.86 W, 7650 MiB
2026/07/05 19:01:06.586, 210 MHz, 0 %, 25.09 W, 7650 MiB
2026/07/05 19:01:07.587, 210 MHz, 0 %, 24.73 W, 7650 MiB
2026/07/05 19:01:08.587, 210 MHz, 0 %, 24.57 W, 7650 MiB
2026/07/05 19:01:09.587, 210 MHz, 0 %, 24.56 W, 7650 MiB
2026/07/05 19:01:10.588, 210 MHz, 0 %, 24.69 W, 7650 MiB
2026/07/05 19:01:11.588, 210 MHz, 0 %, 24.42 W, 7650 MiB
2026/07/05 19:01:12.588, 210 MHz, 0 %, 24.53 W, 7650 MiB
2026/07/05 19:01:13.589, 210 MHz, 0 %, 24.69 W, 7650 MiB
2026/07/05 19:01:14.589, 210 MHz, 0 %, 24.48 W, 7650 MiB
2026/07/05 19:01:15.589, 210 MHz, 0 %, 24.28 W, 7650 MiB
2026/07/05 19:01:16.590, 210 MHz, 0 %, 24.28 W, 7650 MiB
2026/07/05 19:01:17.590, 210 MHz, 0 %, 24.49 W, 7650 MiB
2026/07/05 19:01:18.590, 210 MHz, 0 %, 24.32 W, 7650 MiB
2026/07/05 19:01:19.591, 210 MHz, 0 %, 24.26 W, 7650 MiB
2026/07/05 19:01:20.591, 210 MHz, 0 %, 24.41 W, 7650 MiB
2026/07/05 19:01:21.591, 210 MHz, 0 %, 24.25 W, 7650 MiB
2026/07/05 19:01:22.592, 210 MHz, 0 %, 24.20 W, 7650 MiB
2026/07/05 19:01:23.592, 210 MHz, 0 %, 24.32 W, 7650 MiB
2026/07/05 19:01:24.592, 210 MHz, 0 %, 24.17 W, 7650 MiB
2026/07/05 19:01:25.593, 210 MHz, 0 %, 24.22 W, 7650 MiB
2026/07/05 19:01:26.593, 210 MHz, 0 %, 24.40 W, 7650 MiB
2026/07/05 19:01:27.593, 210 MHz, 0 %, 24.19 W, 7650 MiB
2026/07/05 19:01:28.594, 210 MHz, 0 %, 24.15 W, 7650 MiB
2026/07/05 19:01:29.594, 210 MHz, 0 %, 24.29 W, 7650 MiB
2026/07/05 19:01:30.594, 210 MHz, 0 %, 24.10 W, 7650 MiB
2026/07/05 19:01:31.595, 210 MHz, 0 %, 24.08 W, 7650 MiB
2026/07/05 19:01:32.595, 210 MHz, 0 %, 24.23 W, 7650 MiB
2026/07/05 19:01:33.595, 210 MHz, 0 %, 24.07 W, 7650 MiB
2026/07/05 19:01:34.596, 210 MHz, 0 %, 24.04 W, 7650 MiB
2026/07/05 19:01:35.596, 210 MHz, 0 %, 24.19 W, 7650 MiB
2026/07/05 19:01:36.596, 210 MHz, 0 %, 24.05 W, 7650 MiB
2026/07/05 19:01:37.597, 210 MHz, 0 %, 24.03 W, 7650 MiB
2026/07/05 19:01:38.597, 210 MHz, 0 %, 24.17 W, 7650 MiB
2026/07/05 19:01:39.597, 210 MHz, 0 %, 24.00 W, 7650 MiB
2026/07/05 19:01:40.598, 210 MHz, 0 %, 23.99 W, 7650 MiB
2026/07/05 19:01:41.598, 210 MHz, 0 %, 24.12 W, 7650 MiB
2026/07/05 19:01:42.598, 210 MHz, 0 %, 23.98 W, 7650 MiB
2026/07/05 19:01:43.598, 210 MHz, 0 %, 24.00 W, 7650 MiB
2026/07/05 19:01:44.599, 210 MHz, 0 %, 24.14 W, 7650 MiB
2026/07/05 19:01:45.599, 210 MHz, 0 %, 23.93 W, 7650 MiB
2026/07/05 19:01:46.599, 210 MHz, 0 %, 23.92 W, 7650 MiB
2026/07/05 19:01:47.600, 210 MHz, 0 %, 24.03 W, 7650 MiB
2026/07/05 19:01:48.600, 210 MHz, 0 %, 23.96 W, 7650 MiB
2026/07/05 19:01:49.600, 210 MHz, 0 %, 24.41 W, 7650 MiB
2026/07/05 19:01:50.601, 1770 MHz, 100 %, 33.20 W, 1 MiB
2026/07/05 19:01:51.601, 1965 MHz, 0 %, 147.23 W, 1 MiB
